{
  "train": {
    "precision": 0.901868275155026,
    "recall": 0.8770491803278688,
    "f1": 0.874905969920925,
    "num_samples": 122.0
  },
  "test": {
    "precision": 0.8262849707221861,
    "recall": 0.7735849056603774,
    "f1": 0.7672686433063791,
    "num_samples": 53.0
  }
}