{
  "name_model": "SGDClassifier",
  "train": {
    "precision": 0.8430188679245283,
    "recall": 0.8301886792452831,
    "f1": 0.8202646410193579,
    "num_samples": 53.0
  },
  "test": {
    "precision": 0.8430188679245283,
    "recall": 0.8301886792452831,
    "f1": 0.8202646410193579,
    "num_samples": 53.0
  }
}