{
  "name_model": "SGDClassifier",
  "train": {
    "precision": 0.8241806320559396,
    "recall": 0.8301886792452831,
    "f1": 0.81859601355181,
    "num_samples": 53.0
  },
  "test": {
    "precision": 0.8241806320559396,
    "recall": 0.8301886792452831,
    "f1": 0.81859601355181,
    "num_samples": 53.0
  }
}